Designator,Mid X,Mid Y,Rotation,Layer
A1,295.91,-63.0175,0.0,top
D1,38.735,-46.355,90.0,top
D10,50.8,-104.14,90.0,top
D11,50.8,-123.19,90.0,top
D12,50.8,-141.605,90.0,top
D13,88.9,-46.99,90.0,top
D14,69.85,-66.04,90.0,top
D15,74.93,-85.09,90.0,top
D16,69.85,-123.19,90.0,top
D17,88.9,-123.19,90.0,top
D18,69.85,-104.14,90.0,top
D19,107.95,-46.99,90.0,top
D2,31.75,-66.04,90.0,top
D20,88.9,-66.04,90.0,top
D21,93.98,-85.09,90.0,top
D22,127.0,-122.555,90.0,top
D23,88.9,-102.87,90.0,top
D24,113.03,-85.09,90.0,top
D25,130.175,-46.99,90.0,top
D26,107.95,-66.04,90.0,top
D27,203.2,-122.555,90.0,top
D28,203.2,-104.14,90.0,top
D29,149.225,-46.99,90.0,top
D3,37.465,-85.09,90.0,top
D30,127.0,-66.04,90.0,top
D31,132.08,-85.09,90.0,top
D32,241.3,-104.14,90.0,top
D33,127.0,-104.775,90.0,top
D34,327.025,-66.04,90.0,top
D35,168.275,-46.99,90.0,top
D36,146.05,-66.04,90.0,top
D37,151.765,-85.09,90.0,top
D38,12.7,-123.19,90.0,top
D39,13.335,-142.24,90.0,top
D4,31.75,-104.14,270.0,top
D40,187.96,-46.99,90.0,top
D41,165.1,-66.04,90.0,top
D42,170.18,-85.09,90.0,top
D43,17.78,-85.09,90.0,top
D44,12.7,-104.14,90.0,top
D45,206.375,-46.99,90.0,top
D46,184.15,-66.04,90.0,top
D47,189.23,-85.725,90.0,top
D48,284.48,-95.885,90.0,top
D49,12.7,-66.04,90.0,top
D5,31.75,-123.19,90.0,top
D50,107.95,-107.95,90.0,top
D51,227.33,-46.99,90.0,top
D52,203.2,-66.04,90.0,top
D53,208.28,-85.09,90.0,top
D54,144.78,-142.24,90.0,top
D55,107.95,-123.19,90.0,top
D56,218.44,-140.335,90.0,top
D57,246.38,-46.99,90.0,top
D58,222.25,-66.04,90.0,top
D59,241.3,-123.19,90.0,top
D6,31.75,-142.24,90.0,top
D60,184.15,-123.19,90.0,top
D61,165.1,-123.19,90.0,top
D62,265.43,-46.99,90.0,top
D63,246.38,-85.09,270.0,top
D64,256.54,-123.19,90.0,top
D65,337.82,-132.715,0.0,top
D66,146.685,-123.19,90.0,top
D67,222.25,-123.19,90.0,top
D68,283.21,-46.355,90.0,bottom
D69,260.985,-104.14,90.0,top
D7,69.85,-46.99,90.0,top
D70,328.93,-142.875,90.0,top
D71,256.54,-142.24,90.0,top
D72,237.49,-138.43,90.0,top
D73,265.43,-88.9,90.0,top
D74,347.98,-142.875,90.0,top
D75,327.025,-47.625,90.0,top
D76,241.3,-66.04,90.0,top
D77,327.025,-85.09,90.0,top
D78,165.1,-104.775,90.0,top
D79,346.075,-46.99,90.0,top
D8,50.8,-66.04,90.0,top
D80,262.89,-66.04,90.0,top
D81,346.075,-85.09,90.0,top
D82,146.05,-104.14,90.0,top
D83,227.33,-85.725,90.0,top
D84,365.125,-47.625,90.0,top
D85,281.94,-66.04,90.0,top
D86,365.125,-85.09,90.0,top
D87,222.25,-104.775,90.0,top
D9,55.88,-85.09,90.0,top
S3,135.255,-142.23695,0.0,top
SW1,22.225,-44.87195,0.0,top
SW10,41.275,-102.02195,0.0,top
SW11,41.275,-121.07195,0.0,top
SW12,41.275,-140.12195,0.0,top
SW13,79.375,-44.87195,0.0,top
SW14,60.325,-63.92195,0.0,top
SW15,65.405,-82.97195,0.0,top
SW16,60.325,-102.02195,0.0,top
SW17,60.325,-121.07195,0.0,top
SW18,60.325,-140.12195,0.0,top
SW19,98.425,-44.87195,0.0,top
SW2,22.225,-63.92195,0.0,top
SW20,79.375,-63.92195,0.0,top
SW21,84.455,-82.97195,0.0,top
SW22,79.375,-102.02195,0.0,top
SW23,79.375,-121.07195,0.0,top
SW24,103.505,-82.97195,0.0,top
SW25,117.475,-44.87195,0.0,top
SW26,98.425,-63.92195,0.0,top
SW27,98.425,-102.02195,0.0,top
SW28,98.425,-121.07195,0.0,top
SW29,139.7,-44.87195,0.0,top
SW3,27.305,-82.97195,0.0,top
SW30,117.475,-63.92195,0.0,top
SW31,122.555,-82.97195,0.0,top
SW32,117.475,-102.02195,0.0,top
SW33,117.475,-121.07195,0.0,top
SW34,135.255,-139.48695,0.0,top
SW35,158.75,-44.87195,0.0,top
SW36,136.525,-63.92195,0.0,top
SW37,141.605,-82.97195,0.0,top
SW38,136.525,-102.02195,0.0,top
SW39,136.525,-121.07195,0.0,top
SW4,22.225,-102.02195,0.0,top
SW40,177.8,-44.87195,0.0,top
SW41,155.575,-63.92195,0.0,top
SW42,160.655,-82.97195,0.0,top
SW43,155.575,-102.02195,0.0,top
SW44,155.575,-121.07195,0.0,top
SW45,196.85,-44.87195,0.0,top
SW46,174.625,-63.92195,0.0,top
SW47,179.705,-82.97195,0.0,top
SW48,174.625,-102.02195,0.0,top
SW49,174.625,-121.07195,0.0,top
SW5,22.225,-121.07195,0.0,top
SW50,208.915,-140.12195,0.0,top
SW51,217.805,-44.87195,0.0,top
SW52,193.675,-63.92195,0.0,top
SW53,198.755,-82.97195,0.0,top
SW54,193.675,-102.02195,0.0,top
SW55,193.675,-121.07195,0.0,top
SW56,227.965,-140.12195,0.0,top
SW57,212.725,-121.07195,0.0,top
SW58,236.855,-44.87195,0.0,top
SW59,212.725,-63.92195,0.0,top
SW6,22.225,-140.12195,0.0,top
SW60,217.805,-82.97195,0.0,top
SW61,212.725,-102.02195,0.0,top
SW62,247.015,-140.12195,0.0,top
SW63,255.905,-44.87195,0.0,top
SW64,231.775,-63.92195,0.0,top
SW65,236.855,-82.97195,0.0,top
SW66,231.775,-102.02195,0.0,top
SW67,231.775,-121.07195,0.0,top
SW68,266.065,-140.12195,0.0,top
SW69,274.955,-44.87195,0.0,top
SW7,60.325,-44.87195,0.0,top
SW70,250.825,-63.92195,0.0,top
SW71,255.905,-82.97195,0.0,top
SW72,250.825,-102.02195,0.0,top
SW73,266.065,-121.07195,0.0,top
SW74,272.415,-63.92195,0.0,top
SW75,274.955,-91.22695,0.0,top
SW76,317.5,-44.87195,0.0,top
SW77,317.5,-63.92195,0.0,top
SW78,317.5,-82.97195,0.0,top
SW79,318.77,-140.12195,0.0,top
SW8,41.275,-63.92195,0.0,top
SW80,336.55,-44.87195,0.0,top
SW81,336.55,-63.92195,0.0,top
SW82,336.55,-82.97195,0.0,top
SW83,337.82,-121.07195,0.0,top
SW84,337.82,-140.12195,0.0,top
SW85,355.6,-44.87195,0.0,top
SW86,355.6,-63.92195,0.0,top
SW87,355.6,-82.97195,0.0,top
SW88,356.87,-140.12195,0.0,top
SW9,46.355,-82.97195,0.0,top
